<lxs>
    <!-- global values -->
    <scene root="seamarkerRoot" axis_length="5"/>

    <!-- specification of all views -->
    <views default="defaultCamera">
        <perspective id="defaultCamera" near="0.1" far="400" angle="40">
            <from x="30" y="15" z="30" />
            <to x="0.5" y="-2.5" z="0.5" />
        </perspective>
        <perspective id="farCameraPerspective" near="0.2" far="750" angle="50">
            <from x="40" y="25" z="40" />
            <to x="0" y="-1" z="0" />
        </perspective>
        <perspective id="closeUp" near="0.6" far="200" angle="50">
            <from x="0" y="6" z="10" />
            <to x="0" y="2" z="0" />
        </perspective>
        <ortho id="downViewOrtho" near="0.1" far="500" angle="45" left="-30" right="30" top="30" bottom="-30">
            <from x="0" y="20" z="0" />
            <to x="0" y="0" z="0" />
            <up x="0.0" y="0.0" z="1.0" />
        </ortho>

    </views>

    <!-- illumination parameters -->
    <ambient>
        <ambient r="0.2" g="0.2" b="0.2" a="1.0" />
        <background r="0.0" g="0.0" b="0.0" a="1.0" />
    </ambient>

    <!-- specification of all light sources -->
    <lights>
        <omni id="demoLight" enabled="1">
            <location x="9.8" y="11.9" z="10" w="1.0" />
            <ambient r="0.35" g="0.35" b="0.35" a="1.0" />
            <diffuse r="1.0" g="1.0" b="1.0" a="1.0" />
            <specular r="1.0" g="1.0" b="1.0" a="1.0" />
            <attenuation constant="1" linear="0" quadratic="0" />
        </omni>

        <spot id="spotLight" enabled="1" angle="45" exponent="1.0">
            <location x="1.1" y="6" z="1.1" w="1.0" />
            <target x="4" y="-2" z="4" />
            <ambient r="0.2" g="0.2" b="0.2" a="1.0" />
            <diffuse r="1.0" g="1.0" b="1.0" a="1.0" />
            <specular r="1.0" g="1.0" b="1.0" a="1.0" />
            <attenuation constant="1" linear="0" quadratic="0" />
        </spot>

        <spot id="antennasLight" enabled="1" angle="30" exponent="1.0">
            <location x="0" y="11" z="0" w="1.0" />
            <target x="0" y="-1" z="0" />
            <ambient r="0.0" g="0.0" b="0.0" a="1.0" />
            <diffuse r="1.0" g="1.0" b="0.8" a="1.0" />
            <specular r="1.0" g="1.0" b="0.8" a="1.0" />
            <attenuation constant="1" linear="0" quadratic="0" />
        </spot>
    </lights>

    <!-- specification of all textures -->
    <textures>
        <texture id="demoTexture" file="scenes/images/vidral.jpg" />
        <texture id="Yellow" file="scenes/images/yellow.jpg" />
        <texture id="Black" file="scenes/images/black.jpg" />
        <texture id="Gray" file="scenes/images/gray.jpg" />
        <texture id="Red" file="scenes/images/red.jpg" />
        <texture id="Wood" file="scenes/images/trunk-image.jpg" />
        <texture id="Can" file="scenes/images/coca-cola.png" />

        <texture id="skb_front" file="scenes/images/sea_ft.jpg" />
        <texture id="skb_back" file="scenes/images/sea_bk.jpg" />
        <texture id="skb_right" file="scenes/images/sea_rt.jpg" />
        <texture id="skb_left" file="scenes/images/sea_lf.jpg" />
        <texture id="skb_up" file="scenes/images/sea_up.jpg" />
        <texture id="skb_down" file="scenes/images/sea_dn.jpg" />
    </textures>

    <!-- specification of all materials -->
    <materials>
        <material id="demoMaterial" shininess="10">
            <emission r="0.0" g="0.0" b="0.0" a="1.0" />
            <ambient r="1.0" g="1.0" b="1.0" a="1.0" />
            <diffuse r="0.6" g="0.6" b="0.6" a="1.0" />
            <specular r="0.6" g="0.6" b="0.6" a="1.0" />
        </material>

        <material id="droneMaterial1" shininess="10">
            <emission r="0.0" g="0.0" b="0.0" a="1.0" />
            <ambient r="1.0" g="1.0" b="1.0" a="1.0" />
            <diffuse r="0.6" g="0.6" b="0.0" a="1.0" />
            <specular r="0.6" g="0.6" b="0.0" a="1.0" />
        </material>

        <material id="droneMaterial2" shininess="10">
            <emission r="0.0" g="0.0" b="0.0" a="1.0" />
            <ambient r="1.0" g="1.0" b="1.0" a="1.0" />
            <diffuse r="0.6" g="0.0" b="0.6" a="1.0" />
            <specular r="0.6" g="0.0" b="0.6" a="1.0" />
        </material>

        <material id="droneMaterial3" shininess="10">
            <emission r="0.0" g="0.0" b="0.0" a="1.0" />
            <ambient r="1.0" g="1.0" b="1.0" a="1.0" />
            <diffuse r="0.0" g="0.6" b="0.6" a="1.0" />
            <specular r="0.0" g="0.6" b="0.6" a="1.0" />
        </material>
    </materials>

    <!-- specification of geometric transformations -->
    <!-- for use in different components -->
    <transformations>
        <transformation id="demoTransform">
            <scale x="5" y="1" z="5" />
            <rotate axis="x" angle="-45" />
            <rotate axis="z" angle="-45" />
        </transformation>
    </transformations>

    <!-- specification of all animations -->
    <animations>
        <animation id="droneMovement">
            <keyframe instant="10">
                <translate x="-10.0" y="5.0" z="-10.0" />
                <rotate angle_x="0.0" angle_y="0.0" angle_z="0.0" />
                <scale x="1" y="1" z="1" />
            </keyframe>

            <keyframe instant="20">
                <translate x="0.0" y="0.0" z="0.0" />
                <rotate angle_x="0.0" angle_y="0.0" angle_z="0.0" />
                <scale x="1" y="1" z="1" />
            </keyframe>

            <keyframe instant="25">
                <translate x="1.0" y="-2.0" z="-2.0" />
                <rotate angle_x="0.0" angle_y="0.0" angle_z="0.0" />
                <scale x="1" y="1" z="1" />
            </keyframe>
        </animation>

        <animation id="rotatingRotters">
            <keyframe instant="0">
                <translate x="0.0" y="0.0" z="0.0" />
                <rotate angle_x="0.0" angle_y="0.0" angle_z="0.0" />
                <scale x="1" y="1" z="1" />
            </keyframe>

            <keyframe instant="200">
                <translate x="0.0" y="0.0" z="0.0" />
                <rotate angle_x="0.0" angle_y="100000.0" angle_z="0.0" />
                <scale x="1" y="1" z="1" />
            </keyframe>
        </animation>

        <animation id="bobbing_and_rotating">
            <keyframe instant="0">
                <translate x="0.0" y="1.0" z="0.0" />
                <rotate angle_x="10.0" angle_y="0.0" angle_z="0.0" />
                <scale x="1" y="1" z="1" />
            </keyframe>

            <keyframe instant="2">
                <translate x="0.0" y="0.0" z="0.0" />
                <rotate angle_x="5.0" angle_y="10.0" angle_z="0.0" />
                <scale x="1" y="1" z="1" />
            </keyframe>

            <keyframe instant="4">
                <translate x="0.0" y="0.0" z="0.0" />
                <rotate angle_x="10.0" angle_y="20.0" angle_z="0.0" />
                <scale x="1" y="1" z="1" />
            </keyframe>

            <keyframe instant="6">
                <translate x="0.0" y="1.0" z="0.0" />
                <rotate angle_x="5.0" angle_y="30.0" angle_z="0.0" />
                <scale x="1" y="1" z="1" />
            </keyframe>

            <keyframe instant="8">
                <translate x="0.0" y="0.0" z="0.0" />
                <rotate angle_x="10.0" angle_y="40.0" angle_z="0.0" />
                <scale x="1" y="1" z="1" />
            </keyframe>

            <keyframe instant="10">
                <translate x="0.0" y="1.0" z="0.0" />
                <rotate angle_x="5.0" angle_y="50.0" angle_z="0.0" />
                <scale x="1" y="1" z="1" />
            </keyframe>

            <keyframe instant="12">
                <translate x="0.0" y="0.0" z="0.0" />
                <rotate angle_x="0.0" angle_y="60.0" angle_z="0.0" />
                <scale x="1" y="1" z="1" />
            </keyframe>

            <keyframe instant="14">
                <translate x="0.0" y="1.0" z="0.0" />
                <rotate angle_x="-5.0" angle_y="70.0" angle_z="0.0" />
                <scale x="1" y="1" z="1" />
            </keyframe>

            <keyframe instant="16">
                <translate x="0.0" y="0.0" z="0.0" />
                <rotate angle_x="-10.0" angle_y="80.0" angle_z="0.0" />
                <scale x="1" y="1" z="1" />
            </keyframe>

            <keyframe instant="18">
                <translate x="0.0" y="1.0" z="0.0" />
                <rotate angle_x="-5.0" angle_y="90.0" angle_z="0.0" />
                <scale x="1" y="1" z="1" />
            </keyframe>

            <keyframe instant="20">
                <translate x="0.0" y="0.0" z="0.0" />
                <rotate angle_x="-10.0" angle_y="100.0" angle_z="0.0" />
                <scale x="1" y="1" z="1" />
            </keyframe>
        </animation>

        <animation id="waving">
            <keyframe instant="0">
                <translate x="0.0" y="0.0" z="0.0" />
                <rotate angle_x="0.0" angle_y="0.0" angle_z="0.0" />
                <scale x="1" y="1" z="1" />
            </keyframe>

            <keyframe instant="2">
                <translate x="2.0" y="0.0" z="2.0" />
                <rotate angle_x="0.0" angle_y="0.0" angle_z="0.0" />
                <scale x="1" y="1" z="1" />
            </keyframe>

            <keyframe instant="4">
                <translate x="1.0" y="0.0" z="1.0" />
                <rotate angle_x="0.0" angle_y="0.0" angle_z="0.0" />
                <scale x="1" y="1" z="1" />
            </keyframe>

            <keyframe instant="6">
                <translate x="3.0" y="0.0" z="3.0" />
                <rotate angle_x="0.0" angle_y="0.0" angle_z="0.0" />
                <scale x="1" y="1" z="1" />
            </keyframe>

            <keyframe instant="8">
                <translate x="2.0" y="0.0" z="2.0" />
                <rotate angle_x="0.0" angle_y="0.0" angle_z="0.0" />
                <scale x="1" y="1" z="1" />
            </keyframe>

            <keyframe instant="10">
                <translate x="4.0" y="0.0" z="4.0" />
                <rotate angle_x="0.0" angle_y="0.0" angle_z="0.0" />
                <scale x="1" y="1" z="1" />
            </keyframe>

            <keyframe instant="12">
                <translate x="3.0" y="0.0" z="3.0" />
                <rotate angle_x="0.0" angle_y="0.0" angle_z="0.0" />
                <scale x="1" y="1" z="1" />
            </keyframe>

            <keyframe instant="14">
                <translate x="5.0" y="0.0" z="5.0" />
                <rotate angle_x="0.0" angle_y="0.0" angle_z="0.0" />
                <scale x="1" y="1" z="1" />
            </keyframe>

            <keyframe instant="16">
                <translate x="4.0" y="0.0" z="4.0" />
                <rotate angle_x="0.0" angle_y="0.0" angle_z="0.0" />
                <scale x="1" y="1" z="1" />
            </keyframe>

            <keyframe instant="18">
                <translate x="6.0" y="0.0" z="6.0" />
                <rotate angle_x="0.0" angle_y="0.0" angle_z="0.0" />
                <scale x="1" y="1" z="1" />
            </keyframe>

            <keyframe instant="20">
                <translate x="5.0" y="0.0" z="5.0" />
                <rotate angle_x="0.0" angle_y="0.0" angle_z="0.0" />
                <scale x="1" y="1" z="1" />
            </keyframe>

        </animation>
    </animations>

    <!-- specification of all primitives -->
    <primitives>
        <primitive id="demoRectangle">
            <rectangle x1="-1" y1="-1" x2="1" y2="1" />
        </primitive>

        <primitive id="demoTriangle">
            <triangle x1="-1" y1="0" z1="1"
                     x2="1" y2="0" z2="1"
                     x3="0" y3="2" z3="0"/>
        </primitive>

        <primitive id="demoCylinder">
            <cylinder base="1" top="1" height="1" slices="8" stacks="8" />
        </primitive>

        <primitive id="nurbsCylinder">
            <cylinder2 base="1" top="1" height="1" slices="8" stacks="8" />
        </primitive>

        <primitive id="nurbsPlane">
            <plane npartsU="20" npartsV="20" />
        </primitive>

        <primitive id="demoSphere">
            <sphere radius="1" slices="8" stacks="8" />
        </primitive>

        <primitive id="demoTorus">
            <torus inner="1.1" outer="2" slices="12" loops="12" />
        </primitive>

        <primitive id="nurbsPatch">
            <patch npointsU="3" npointsV="4" npartsU="20" npartsV="20">
                <controlpoint xx="-1.5" yy="-1.5" zz="0" />
                <controlpoint xx="-2" yy="-2" zz="2" />
                <controlpoint xx="-2" yy="2" zz="2" />
                <controlpoint xx="-1.5" yy="1.5" zz="0" />

                <controlpoint xx="0" yy="0" zz="3" />
                <controlpoint xx="0" yy="-2" zz="3" />
                <controlpoint xx="0" yy="2" zz="3" />
                <controlpoint xx="0" yy="0" zz="3" />

                <controlpoint xx="1.5" yy="-1.5" zz="0" />
                <controlpoint xx="2" yy="-2" zz="2" />
                <controlpoint xx="2" yy="2" zz="2" />
                <controlpoint xx="1.5" yy="1.5" zz="0" />
            </patch>
        </primitive>
    </primitives>

    <!-- specification of all components: objects  -->
    <!-- composed of primitives and other components -->
    <components>
        <component id="seamarkerRoot">
            <transformation>
            </transformation>

            <materials>
                <material id="demoMaterial" />
            </materials>

            <texture id="none" />

            <children>
                <componentref id="drone" />
                <componentref id="seaMarker" />
                <componentref id="trash" />
                <componentref id="skyBox" />
             </children>
         </component>

        <component id="drone">
            <transformation>
               <translate x="5" y="6" z="5" />
                <scale x="0.5" y="0.5" z="0.5" />
            </transformation>

            <animationref id="droneMovement" />

            <materials>
                <material id="demoMaterial" />
                <material id="droneMaterial1" />
                <material id="droneMaterial2" />
                <material id="droneMaterial3" />
            </materials>

            <texture id="Gray" length_s="1" length_t="1" />

            <children>
                <componentref id="droneRottersSupport"/>
               <componentref id="droneRotters"/>
               <componentref id="droneBody"/>
        </children>
    </component>

    <component id="droneBody">
        <transformation>
            <scale x="2" y="2" z="2"/>
        </transformation>

        <materials>
            <material id="inherit" />
        </materials>

        <texture id="inherit" />

        <children>
            <primitiveref id="demoSphere"/>
        </children>
    </component>

    <component id="droneRottersSupport">
        <transformation>
            <scale x="1" y="1.5" z="1" />
            <translate x="0" y="2" z="0" />
            <rotate axis="x" angle="90" />
        </transformation>

        <materials>
            <material id="inherit" />
        </materials>

        <texture id="inherit" />

        <children>
            <primitiveref id="nurbsCylinder"/>
        </children>
    </component>

    <component id="droneRotters">
        <transformation>
            <translate x="0" y="3" z="0"/>
        </transformation>

        <animationref id="rotatingRotters" />

        <materials>
            <material id="inherit" />
        </materials>

        <texture id="inherit" />

        <children>
            <componentref id="rotter1"/>
            <componentref id="rotter2"/>
        </children>
    </component>

    <component id="rotter2">
        <transformation>
            <rotate axis="y" angle="90"/>
        </transformation>

        <materials>
            <material id="inherit" />
        </materials>

        <texture id="inherit" />

        <children>
            <componentref id="rotter1"/>
        </children>
    </component>

    <component id="rotter1">
        <transformation>
            <translate x="0" y="0" z="-3" />
            <scale x="1.5" y="0.5" z="6"/>
        </transformation>

        <materials>
            <material id="inherit" />
        </materials>

        <texture id="inherit" />

        <children>
            <primitiveref id="nurbsCylinder"/>
        </children>
    </component>

    <component id="trash">
        <transformation>
            <scale x="1" y="1" z="1" />
        </transformation>

        <animationref id="waving" />

        <materials>
            <material id="demoMaterial" />
        </materials>

        <texture id="none" />

        <children>
            <componentref id="Cans" />
            <componentref id="Tubes" />
            <componentref id="Planes" />
        </children>
    </component>

    <component id="Tubes">
        <transformation>
        </transformation>

        <materials>
            <material id="demoMaterial" />
        </materials>

        <texture id="Gray" length_s="1" length_t="1" />

        <children>
            <componentref id="tube1" />
            <componentref id="tube2" />
            <componentref id="tube3" />
        </children>
    </component>
    <component id="tube1">
        <transformation>
            <translate x="18" y="0.2" z="-6" />
            <scale x="1" y="1" z="5" />
        </transformation>

        <materials>
            <material id="demoMaterial" />
        </materials>

        <texture id="inherit" />

        <children>
            <primitiveref id="nurbsCylinder" />
        </children>
    </component>
    <component id="tube2">
        <transformation>
            <translate x="-5" y="0.2" z="-14" />
            <scale x="1" y="1" z="5" />
        </transformation>

        <materials>
            <material id="demoMaterial" />
        </materials>

        <texture id="inherit" />

        <children>
            <primitiveref id="nurbsCylinder" />
        </children>
    </component>
    <component id="tube3">
        <transformation>
            <translate x="4" y="0.2" z="12" />
            <scale x="1" y="1" z="5" />
        </transformation>

        <materials>
            <material id="demoMaterial" />
        </materials>

        <texture id="inherit" />

        <children>
            <primitiveref id="nurbsCylinder" />
        </children>
    </component>

    <component id="Planes">
        <transformation>
        </transformation>

        <materials>
            <material id="demoMaterial" />
        </materials>

        <texture id="Wood" length_s="1" length_t="1" />

        <children>
            <componentref id="plane1" />
            <componentref id="plane2" />
        </children>
    </component>
    <component id="plane1">
        <transformation>
            <translate x="20" y="0.01" z="30" />
            <scale x="3" y="1" z="5" />
        </transformation>

        <materials>
            <material id="demoMaterial" />
        </materials>

        <texture id="inherit" />

        <children>
            <primitiveref id="nurbsPlane" />
        </children>
    </component>
    <component id="plane2">
        <transformation>
            <translate x="-20" y="0.01" z="-14" />
            <scale x="8" y="1" z="5" />
        </transformation>

        <materials>
            <material id="demoMaterial" />
        </materials>

        <texture id="inherit" />

        <children>
            <primitiveref id="nurbsPlane" />
        </children>
    </component>

    <component id="Cans">
        <transformation>
            <scale x="2" y="1" z="2" />
        </transformation>

        <materials>
            <material id="demoMaterial" />
        </materials>

        <texture id="Can" length_s="1" length_t="1" />

        <children>
            <componentref id="can1" />
            <componentref id="can2" />
            <componentref id="can3" />
            <componentref id="can4" />
            <componentref id="can5" />
        </children>
    </component>
    <component id="can1">
        <transformation>
            <translate x="-10" y="-0.1" z="5" />
            <rotate axis="x" angle="-90" />
            <scale x="0.2" y="0.2" z="0.2" />
        </transformation>

        <materials>
            <material id="demoMaterial" />
        </materials>

        <texture id="inherit" />

        <children>
            <primitiveref id="nurbsPatch" />
        </children>
    </component>
    <component id="can2">
        <transformation>
            <translate x="3" y="-0.1" z="-2" />
            <rotate axis="x" angle="-90" />
            <scale x="0.2" y="0.2" z="0.2" />
        </transformation>

        <materials>
            <material id="demoMaterial" />
        </materials>

        <texture id="inherit" />

        <children>
            <primitiveref id="nurbsPatch" />
        </children>
    </component>
    <component id="can3">
        <transformation>
            <translate x="7" y="-0.1" z="-18" />
            <rotate axis="x" angle="-90" />
            <scale x="0.2" y="0.2" z="0.2" />
        </transformation>

        <materials>
            <material id="demoMaterial" />
        </materials>

        <texture id="inherit" />

        <children>
            <primitiveref id="nurbsPatch" />
        </children>
    </component>
    <component id="can4">
        <transformation>
            <translate x="3" y="-0.1" z="15" />
            <rotate axis="x" angle="-90" />
            <scale x="0.2" y="0.2" z="0.2" />
        </transformation>

        <materials>
            <material id="demoMaterial" />
        </materials>

        <texture id="inherit" />

        <children>
            <primitiveref id="nurbsPatch" />
        </children>
    </component>
    <component id="can5">
        <transformation>
            <translate x="10" y="-0.1" z="8" />
            <rotate axis="x" angle="-90" />
            <scale x="0.2" y="0.2" z="0.2" />
        </transformation>

        <materials>
            <material id="demoMaterial" />
        </materials>

        <texture id="inherit" />

        <children>
            <primitiveref id="nurbsPatch" />
        </children>
    </component>

    <component id="skyBox">
         <transformation>
             <scale x="2" y="2" z="2" />
         </transformation>

         <materials>
             <material id="demoMaterial" />
         </materials>

         <texture id="none" />

         <children>
             <componentref id="skyBack" />
             <componentref id="skyFront" />
             <componentref id="skyRight" />
             <componentref id="skyLeft" />
             <componentref id="skyTop" />
             <componentref id="skyBottom" />
        </children>
    </component>

    <component id="skyBack">
        <transformation>
            <translate x="0" y="25" z="-25" />
            <scale x="25" y="25" z="1" />
        </transformation>

        <materials>
            <material id="demoMaterial" />
        </materials>

        <texture id="skb_back" length_s="2" length_t="2"/>

        <children>
            <primitiveref id="demoRectangle" />
        </children>
    </component>
    <component id="skyFront">
        <transformation>
            <translate x="0" y="25" z="25" />
            <scale x="25" y="25" z="1" />
            <rotate axis="y" angle="180" />
        </transformation>

        <materials>
            <material id="demoMaterial" />
        </materials>

        <texture id="skb_front" length_s="2" length_t="2"/>

        <children>
            <primitiveref id="demoRectangle" />
        </children>
    </component>
    <component id="skyRight">
        <transformation>
            <translate x="25" y="25" z="0" />
            <rotate axis="y" angle="-90" />
            <scale x="25" y="25" z="1" />
        </transformation>

        <materials>
            <material id="demoMaterial" />
        </materials>

        <texture id="skb_right" length_s="2" length_t="2"/>

        <children>
            <primitiveref id="demoRectangle" />
        </children>
    </component>
    <component id="skyLeft">
        <transformation>
            <translate x="-25" y="25" z="0" />
            <rotate axis="y" angle="90" />
            <scale x="25" y="25" z="1" />
        </transformation>

        <materials>
            <material id="demoMaterial" />
        </materials>

        <texture id="skb_left" length_s="2" length_t="2"/>

        <children>
            <primitiveref id="demoRectangle" />
        </children>
    </component>
    <component id="skyTop">
        <transformation>
            <rotate axis="y" angle="-90" />
            <translate x="0" y="50" z="0" />
            <rotate axis="x" angle="90" />
            <scale x="25" y="25" z="1" />
        </transformation>

        <materials>
            <material id="demoMaterial" />
        </materials>

        <texture id="skb_up" length_s="2" length_t="2"/>

        <children>
            <primitiveref id="demoRectangle" />
        </children>
    </component>
    <component id="skyBottom">
        <transformation>
            <rotate axis="y" angle="-90" />
            <rotate axis="x" angle="-90" />
            <scale x="25" y="25" z="1" />
        </transformation>

        <materials>
            <material id="demoMaterial" />
        </materials>

        <texture id="skb_down" length_s="2" length_t="2"/>

        <children>
            <primitiveref id="demoRectangle" />
        </children>
    </component>

    <component id="seaMarker">
        <transformation>
            <scale x="0.6" y="0.6" z="0.6" />
        </transformation>

        <animationref id="bobbing_and_rotating" />
        <animationref id="waving" />

        <materials>
            <material id="demoMaterial" />
        </materials>

        <texture id="none"/>

        <children>
            <componentref id="Base" />
            <componentref id="4Pillars" />
            <componentref id="Top" />
            <componentref id="SphereAntena" />
            <componentref id="PyramidAntena" />
        </children>
    </component>

    <component id="Base">
        <transformation>
            <rotate axis="x" angle="-90" />
        </transformation>

        <materials>
            <material id="demoMaterial" />
        </materials>

        <texture id="Red" length_s="1" length_t="1"/>

        <children>
            <primitiveref id="demoTorus" />
        </children>
    </component>

    <component id="basePillar">
        <transformation>
            <scale x="0.3" y="5" z="0.3" />
            <rotate axis="x" angle="-90" />
        </transformation>

        <materials>
            <material id="inherit" />
        </materials>

        <texture id="inherit" />

        <children>
            <primitiveref id="demoCylinder" />
        </children>
    </component>

    <component id="pillarX+">
        <transformation>
            <translate x="2" y="0" z="0" />
        </transformation>

        <materials>
            <material id="inherit" />
        </materials>

        <texture id="inherit" />

        <children>
            <componentref id="basePillar" />
        </children>
    </component>

    <component id="pillarX-">
        <transformation>
            <translate x="-2" y="0" z="0" />
        </transformation>

        <materials>
            <material id="inherit" />
        </materials>

        <texture id="inherit" />

        <children>
            <componentref id="basePillar" />
        </children>
    </component>

    <component id="pillarZ+">
        <transformation>
            <translate x="0" y="0" z="2" />
        </transformation>

        <materials>
            <material id="inherit" />
        </materials>

        <texture id="inherit" />

        <children>
            <componentref id="basePillar" />
        </children>
    </component>

    <component id="pillarZ-">
        <transformation>
            <translate x="0" y="0" z="-2" />
        </transformation>

        <materials>
            <material id="inherit" />
        </materials>

        <texture id="inherit" />

        <children>
            <componentref id="basePillar" />
        </children>
    </component>

    <component id="4Pillars">
        <!-- componente que une os 4 pilares do marcador -->
            <transformation>
            </transformation>

            <materials>
                <material id="demoMaterial" />
            </materials>

            <texture id="Yellow" length_s="1" length_t="1"/>

            <children>
                <componentref id="pillarX+" />
                <componentref id="pillarZ+" />
                <componentref id="pillarX-" />
                <componentref id="pillarZ-" />
            </children>
        </component>

        <component id="Top">
            <transformation>
                <translate x="0" y="6" z="0"/>
                <scale x="2" y="1" z="2" />
                <rotate axis="y" angle="45" />
            </transformation>

            <materials>
                <material id="demoMaterial" />
            </materials>

            <texture id="Red" length_s="1" length_t="1"/>

            <children>
                <componentref id="Cube"/>
            </children>
        </component>

        <component id="Cube">
            <!-- Cubo 2x2x2 centrado na origem -->
            <transformation>
            </transformation>

            <materials>
                <material id="demoMaterial" />
            </materials>

            <texture id="inherit" />

            <children>
                <componentref id="squareLeft" />
                <componentref id="squareRight" />
                <componentref id="squareBottom" />
                <componentref id="squareTop" />
                <componentref id="squareFront" />
                <componentref id="squareBack" />
            </children>
        </component>

        <component id="squareBottom">
            <transformation>
                <translate x="0" y="-1" z="0"/>
                <rotate axis="x" angle="90" />
            </transformation>

            <materials>
                <material id="inherit" />
            </materials>

            <texture id="inherit" />

            <children>
                <primitiveref id="demoRectangle"/>
            </children>
        </component>

        <component id="squareTop">
            <transformation>
                <translate x="0" y="1" z="0"/>
                <rotate axis="x" angle="-90" />
            </transformation>

            <materials>
                <material id="inherit" />
            </materials>

            <texture id="inherit" />

            <children>
                <primitiveref id="demoRectangle"/>
            </children>
        </component>

        <component id="squareFront">
            <transformation>
                <translate x="0" y="0" z="1" />
            </transformation>

            <materials>
                <material id="inherit" />
            </materials>

            <texture id="inherit" />

            <children>
                <primitiveref id="demoRectangle"/>
            </children>
        </component>

        <component id="squareBack">
            <transformation>
                <translate x="0" y="0" z="-1" />
                <rotate axis="x" angle="180" />
            </transformation>

            <materials>
                <material id="inherit" />
            </materials>

            <texture id="inherit" />

            <children>
                <primitiveref id="demoRectangle"/>
            </children>
        </component>

        <component id="squareRight">
            <transformation>
                <translate x="1" y="0" z="0" />
                <rotate axis="y" angle="90" />
            </transformation>

            <materials>
                <material id="inherit" />
            </materials>

            <texture id="inherit" />

            <children>
                <primitiveref id="demoRectangle"/>
            </children>
        </component>

        <component id="squareLeft">
            <transformation>
                <translate x="-1" y="0" z="0" />
                <rotate axis="y" angle="-90" />
            </transformation>

            <materials>
                <material id="inherit" />
            </materials>

            <texture id="inherit" />

            <children>
                <primitiveref id="demoRectangle"/>
            </children>
        </component>

        <component id="SphereAntena">
            <transformation>
                <translate x="0" y="7" z="-1" />
                <scale x="0.5" y="0.5" z="0.5"/>
            </transformation>

            <materials>
                <material id="demoMaterial" />
            </materials>

            <texture id="none" />

            <children>
                <componentref id="AntenaStaff"/>
                <componentref id="AntenaSphereTop" />
            </children>
        </component>

        <component id="AntenaStaff">
            <transformation>
                <rotate axis="x" angle="-90" />
                <scale x="0.5" y="0.5" z="3"/>
            </transformation>

            <materials>
                <material id="demoMaterial" />
            </materials>

            <texture id="Black" length_s="1" length_t="1"/>

            <children>
                <primitiveref id="demoCylinder" />
            </children>
        </component>

        <component id="AntenaSphereTop">
            <transformation>
                <translate x="0" y="3" z="0" />
            </transformation>

            <materials>
                <material id="demoMaterial" />
            </materials>

            <texture id="Gray" length_s="1" length_t="1"/>

            <children>
                <primitiveref id="demoSphere" />
            </children>
        </component>

        <component id="PyramidAntena">
            <transformation>
                <translate x="0" y="7" z="1" />
                <scale x="0.5" y="0.5" z="0.5"/>
            </transformation>

            <materials>
                <material id="demoMaterial" />
            </materials>

            <texture id="none" />

            <children>
                <componentref id="AntenaStaff"/>
                <componentref id="AntenaPyramidTop" />
            </children>
        </component>

        <component id="AntenaPyramidTop">
            <transformation>
                <translate x="0" y="3" z="0" />
            </transformation>

            <materials>
                <material id="demoMaterial" />
            </materials>

            <texture id="Gray" length_s="1" length_t="1"/>

            <children>
                <componentref id="triangleFront" />
                <componentref id="triangleRight" />
                <componentref id="triangleBack" />
                <componentref id="triangleLeft" />
                <componentref id="pyramidBase"/>
            </children>
        </component>

        <component id="pyramidBase">
            <transformation>
                <rotate axis="x" angle="90" />
            </transformation>

            <materials>
                <material id="inherit" />
            </materials>

            <texture id="inherit" />

            <children>
                <primitiveref id="demoRectangle"/>
            </children>
        </component>

        <component id="triangleFront">
            <transformation>
            </transformation>

            <materials>
                <material id="inherit" />
            </materials>

            <texture id="inherit" />

            <children>
                <primitiveref id="demoTriangle" />
            </children>
        </component>

        <component id="triangleBack">
            <transformation>
                <rotate axis="y" angle="180"/>
            </transformation>

            <materials>
                <material id="inherit" />
            </materials>

            <texture id="inherit" />

            <children>
                <primitiveref id="demoTriangle" />
            </children>
        </component>

        <component id="triangleRight">
            <transformation>
                <rotate axis="y" angle="90"/>
            </transformation>

            <materials>
                <material id="inherit" />
            </materials>

            <texture id="inherit" />

            <children>
                <primitiveref id="demoTriangle" />
            </children>
        </component>

        <component id="triangleLeft">
            <transformation>
                <rotate axis="y" angle="-90"/>
            </transformation>

            <materials>
                <material id="inherit" />
            </materials>

            <texture id="inherit" />

            <children>
                <primitiveref id="demoTriangle" />
            </children>
        </component>
    </components>
</lxs>